-- Insert 15 books
INSERT INTO Book (ISBN, Title, Price, Inventory_Quantity)
VALUES
('9780134685991', 'Effective Java', 40, 10),
('9780596009205', 'Head First Design Patterns', 35, 12),
('9780132350884', 'Clean Code', 30, 15),
('9781491954461', 'Fluent Python', 45, 8),
('9781491912058', 'Python Cookbook', 40, 10),
('9781449369415', 'Learning Python', 50, 7),
('9780134092669', 'Computer Systems: A Programmer''s Perspective', 100, 5),
('9780262033848', 'Introduction to Algorithms', 90, 6),
('9780131103627', 'The C Programming Language', 50, 10),
('9780321563842', 'The C++ Programming Language', 60, 9),
('9780596517748', 'JavaScript: The Good Parts', 25, 12),
('9781491950296', 'Eloquent JavaScript', 30, 11),
('9780596007126', 'Head First Java', 35, 10),
('9780321894969', 'Java: An Introduction to Problem Solving and Programming', 100, 5),
('9780135166307', 'Core Java Volume I--Fundamentals', 50, 8);

-- Insert 5 customers
INSERT INTO Customer (UID, Name, Address)
VALUES
('C001', 'Alice Smith', '123 Main Street'),
('C002', 'Bob Jones', '456 Pine Avenue'),
('C003', 'Charlie Brown', '789 Maple Road'),
('C004', 'David Lee', '101 Elm Street'),
('C005', 'Emma Green', '234 Oak Lane');

-- Insert 30 ordering records
INSERT INTO OrderR (OID, UID, Order_Date, Order_ISBN, Order_Quantity, Shipping_Status)
VALUES
('O001', 'C001', '2022-01-01 10:00:00', '9780134685991', 1, 'Shipped'),
('O002', 'C002', '2022-01-02 11:00:00', '9780596009205', 2, 'Shipped'),
('O003', 'C003', '2022-01-03 12:00:00', '9780132350884', 3, 'Shipped'),
('O004', 'C004', '2022-01-04 13:00:00', '9781491954461', 4, 'Shipped'),
('O005', 'C005', '2022-01-05 14:00:00', '9781491912058', 5, 'Shipped'),
('O006', 'C001', '2022-01-06 15:00:00','9781449369415' ,6 , 'Shipped'),
('O007',' C002','2022-01-07 16:00:00','9780134092669' ,7 , 'Shipped'),
('O008',' C003','2022-01-08 17:00:00','9780262033848' ,8 , 'Shipped'),
('O009',' C004','2022-01-09 18:00:00','9780131103627' ,9 , 'Shipped'),
('O010',' C005','2022-01-10 19:00:00','9780321563842' ,10 , 'Shipped'),
('O011',' C001','2022-01-11 20:00:00','9780596517748' ,1 , 'Pending'),
('O012',' C002','2022-01-12 21:00:00','9781491950296' ,2 , 'Pending'),
('O013', 'C003', '2022-01-13 22:00:00', '9780134685991', 3, 'Pending'),
('O014', 'C004', '2022-01-14 23:00:00', '9780596009205', 4, 'Pending'),
('O015', 'C005', '2022-01-15 00:00:00', '9780132350884', 5, 'Pending'),
('O016', 'C001', '2022-01-16 01:00:00', '9781491954461', 6, 'Pending'),
('O017', 'C002', '2022-01-17 02:00:00', '9781491912058', 7, 'Pending'),
('O018', 'C003', '2022-01-18 03:00:00','9781449369415' ,8 , 'Pending'),
('O019',' C004','2022-01-19 04:00:00','9780134092669' ,9 , 'Pending'),
('O020',' C005','2022-01-20 05:00:00','9780262033848' ,10 , 'Pending'),
('O021',' C001','2022-01-21 06:00:00','9780131103627' ,1 , 'Shipped'),
('O022',' C002','2022-01-22 07:00:00','9780321563842' ,2 , 'Shipped'),
('O023',' C003','2022-01-23 08:00:00','9780596517748' ,3 , 'Shipped'),
('O024',' C004','2022-01-24 09:00:00','9781491950296' ,4 , 'Shipped'),
('O025',' C005','2022-01-25 10:00:00','9780134685991' ,5 , 'Shipped'),
('O026',' C001','2022-01-26 11:00:00','9780596009205' ,6 , 'Shipped'),
('O027',' C002','2022-01-27 12:00:00','9780132350884' ,7 , 'Shipped'),
('O028',' C003','2022-01-28 13:00:00','9781491954461' ,8 , 'Shipped'),
('O029',' C004','2022-01-29 14:00:00','9781491912058' ,9 , 'Shipped'),
('O030',' C005','2022-01-30 15:00:00','9781449369415' ,10 , 'Shipped'),
('O031',' C001','2022-01-31 16:00:00','9780134092669' ,1 , 'Pending'),
('O032',' C002','2022-02-01 17:00:00','9780262033848' ,2 , 'Pending'),
('O033',' C003','2022-02-02 18:00:00','9780131103627' ,3 , 'Pending'),
('O034',' C004','2022-02-03 19:00:00','9780321563842' ,4 , 'Pending'),
('O035',' C005','2022-02-04 20:00:00','9780596517748','5','Pending')